trade_date,classification,trades,active_accounts,daily_size_usd,daily_net_pnl,daily_win_rate,sentiment_value,daily_net_pnl_per_trade
2023-05-01,Greed,3,1,477.0,0.0,0.0,63.0,0.0
2023-12-05,Extreme Greed,9,1,50005.83,-12.501455,0.0,75.0,-1.3890505555555555
2023-12-14,Greed,11,1,113203.35,-233.73556800000003,0.36363636363636365,72.0,-21.248688
2023-12-15,Greed,2,1,10609.95,-27.284523,0.0,70.0,-13.6422615
2023-12-16,Greed,3,1,15348.77,-3.8371890000000004,0.0,67.0,-1.279063
2023-12-17,Greed,14,1,116278.02,275.91328599999997,0.5,73.0,19.708091857142854
2023-12-18,Greed,2,1,31164.179999999997,-7.791045,0.0,65.0,-3.8955225
2023-12-19,Greed,15,1,91602.41,977.638016,0.6666666666666666,73.0,65.17586773333333
2023-12-20,Greed,18,1,141636.79,127.323095,0.4444444444444444,74.0,7.073505277777778
2023-12-21,Greed,49,1,125233.97,505.902933,0.5306122448979592,70.0,10.324549653061226
2023-12-22,Greed,10,1,88874.28,119.61410899999998,0.2,74.0,11.961410899999999
2023-12-23,Greed,13,1,78438.25,127.327149,0.6153846153846154,70.0,9.794396076923077
2023-12-24,Greed,39,1,402954.94,907.881241,0.38461538461538464,71.0,23.27900617948718
2023-12-25,Greed,3,1,59948.51,-260.068473,0.0,73.0,-86.68949099999999
2023-12-27,Greed,28,1,171411.06,-747.741974,0.14285714285714285,73.0,-26.7050705
2023-12-28,Greed,23,1,100117.25,-995.760176,0.0,73.0,-43.293920695652176
2023-12-29,Greed,50,1,569559.72,366.532242,0.3,65.0,7.33064484
2023-12-30,Greed,52,1,702550.21,179.36112199999997,0.4423076923076923,68.0,3.4492523461538456
2024-01-01,Greed,18,1,264239.52999999997,-195.59132699999998,0.05555555555555555,65.0,-10.866184833333332
2024-01-02,Greed,17,1,121348.74,753.64194,0.47058823529411764,71.0,44.33187882352941
2024-01-03,Greed,67,1,394499.36,767.390696,0.417910447761194,70.0,11.453592477611942
2024-01-04,Greed,5,1,99792.54000000001,-92.551772,0.0,68.0,-18.5103544
2024-01-05,Greed,66,1,1703942.66,-261.844074,0.19696969696969696,72.0,-3.9673344545454543
2024-01-06,Greed,22,1,298521.4,60.95132200000004,0.45454545454545453,70.0,2.770514636363638
2024-01-07,Greed,97,1,1048850.06,-1097.893699,0.09278350515463918,71.0,-11.31849174226804
2024-01-08,Greed,128,1,1522452.43,-650.4875030000002,0.25,71.0,-5.081933617187501
2024-01-09,Extreme Greed,70,1,870051.97,-1030.3627910000002,0.2571428571428571,76.0,-14.719468442857146
2024-01-10,Greed,193,1,2057479.48,-1951.136207,0.21243523316062177,73.0,-10.109514025906735
2024-01-11,Extreme Greed,21,2,305314.1,-239.95667199999997,0.23809523809523808,76.0,-11.42650819047619
2024-01-12,Greed,7,1,200082.27,-1974.999751,0.0,71.0,-282.14282157142856
2024-01-15,Neutral,14,2,50636.1,140.200868,0.6428571428571429,52.0,10.014347714285716
2024-01-16,Greed,9,2,116427.33,-2316.4907670000002,0.3333333333333333,64.0,-257.38786300000004
2024-01-17,Greed,53,1,800831.03,653.566505,0.20754716981132076,60.0,12.331443490566038
2024-01-18,Greed,46,1,424631.52999999997,-23.724710999999996,0.06521739130434782,63.0,-0.5157545869565217
2024-01-19,Neutral,48,2,428428.97,-478.471103,0.125,51.0,-9.968147979166668
2024-01-20,Neutral,106,1,1070090.51,-414.097453,0.14150943396226415,52.0,-3.9065797452830187
2024-01-21,Greed,11,1,103129.74,240.79871599999998,0.2727272727272727,56.0,21.89079236363636
2024-01-22,Greed,85,2,337878.99,1308.162691,0.27058823529411763,55.0,15.390149305882353
2024-01-23,Neutral,45,1,414518.93000000005,-454.96929999999986,0.24444444444444444,50.0,-10.110428888888887
2024-01-24,Neutral,68,1,965084.59,-3036.12491,0.14705882352941177,48.0,-44.64889573529412
2024-01-25,Neutral,6,1,66566.13,-3110.270917,0.0,52.0,-518.3784861666667
2024-01-26,Neutral,5,2,11773.21,89.755765,0.2,49.0,17.951152999999998
2024-01-28,Neutral,11,1,18109.03,-2477.707544,0.0,54.0,-225.24614036363636
2024-01-29,Greed,74,2,414208.18,383.299937,0.6081081081081081,55.0,5.179728878378379
2024-01-30,Greed,49,1,401011.38,-273.90700100000004,0.10204081632653061,61.0,-5.589938795918368
2024-01-31,Greed,859,1,6305647.13,-2349.252292,0.2689173457508731,60.0,-2.734868791618161
2024-02-01,Greed,6,1,2008.18,-0.5020439999999999,0.0,63.0,-0.08367399999999998
2024-02-02,Greed,42,1,474278.43,364.853837,0.30952380952380953,63.0,8.686996119047619
2024-02-03,Greed,56,1,603820.0,113.64683800000003,0.10714285714285714,60.0,2.029407821428572
2024-02-04,Greed,35,1,203187.53,-2.9029850000000166,0.2571428571428571,60.0,-0.08294242857142904
2024-02-05,Greed,72,1,770198.26,-199.00365900000008,0.19444444444444445,60.0,-2.7639397083333344
2024-02-06,Greed,1088,1,8047153.41,-1204.222904,0.1645220588235294,64.0,-1.1068225220588235
2024-02-07,Greed,15,1,6758.73,240.902427,0.13333333333333333,62.0,16.0601618
2024-02-08,Greed,10,1,26051.12,767.7531369999999,0.4,66.0,76.7753137
2024-02-11,Greed,34,1,212311.82,958.487884,0.20588235294117646,71.0,28.19082011764706
2024-02-12,Greed,16,1,227247.69999999998,886.7698759999998,0.375,70.0,55.42311724999999
2024-02-13,Extreme Greed,14,1,1999.99,559.483882,1.0,79.0,39.96313442857143
2024-02-14,Greed,111,2,320839.88,3807.682359,0.7477477477477478,74.0,34.30344467567568
2024-02-15,Greed,63,2,185188.04,1810.09138,0.9047619047619048,72.0,28.73160920634921
2024-02-16,Greed,182,2,564896.51,5464.543664,0.8021978021978022,72.0,30.024965186813187
2024-02-17,Extreme Greed,94,2,406118.07,1867.586747,0.648936170212766,76.0,19.867944117021278
2024-02-18,Greed,97,1,157048.17,480.7657549999999,0.6288659793814433,72.0,4.9563479896907205
2024-02-19,Extreme Greed,101,2,286377.2,4302.915943,0.7623762376237624,75.0,42.60312814851485
2024-02-20,Greed,39,2,119419.72,3260.555149,0.7948717948717948,72.0,83.60397817948717
2024-02-21,Extreme Greed,22,2,108047.51999999999,1855.827941,0.6818181818181818,78.0,84.3558155
2024-02-22,Greed,88,2,373033.87,3868.6524899999995,0.45454545454545453,74.0,43.96196011363636
2024-02-23,Extreme Greed,143,1,111106.14,1420.619999,0.958041958041958,76.0,9.934405587412588
2024-02-25,Greed,5,1,4480.13,-30.6809,0.0,74.0,-6.13618
2024-02-26,Greed,39,2,192187.14,4416.945025,0.8717948717948718,72.0,113.25500064102565
2024-02-27,Extreme Greed,63,2,209362.3,892.2733420000001,0.4126984126984127,79.0,14.163068920634922
2024-02-28,Extreme Greed,45,1,171107.13,2505.124387,0.8666666666666667,82.0,55.66943082222222
2024-02-29,Extreme Greed,116,2,395666.73,9812.637907,0.8620689655172413,80.0,84.59170609482759
2024-03-01,Extreme Greed,137,1,472974.7,8244.788263,0.9343065693430657,80.0,60.180936226277375
2024-03-02,Extreme Greed,31,2,63197.56,231.36972899999995,0.6774193548387096,80.0,7.463539645161289
2024-03-03,Extreme Greed,79,1,390745.68,8363.593348,0.6835443037974683,83.0,105.8682702278481
2024-03-04,Extreme Greed,300,2,1577996.87,27800.335191,0.8866666666666667,82.0,92.66778396999999
2024-03-05,Extreme Greed,180,1,841810.32,19795.464500000002,0.9055555555555556,90.0,109.97480277777778
2024-03-06,Extreme Greed,82,1,327218.02,6818.1804569999995,0.8780487804878049,75.0,83.14854215853659
2024-03-08,Extreme Greed,67,1,183583.18,4275.557865,0.8805970149253731,81.0,63.81429649253731
2024-03-09,Extreme Greed,117,1,658178.75,9947.64986,0.8290598290598291,84.0,85.02264837606837
2024-03-10,Extreme Greed,42,1,219973.85,2480.646128,0.6904761904761905,79.0,59.06300304761904
2024-03-11,Extreme Greed,42,1,176519.44999999998,3579.7066050000003,0.9285714285714286,82.0,85.23110964285715
2024-03-12,Extreme Greed,8,1,103040.85,3034.220047,0.875,81.0,379.277505875
2024-03-13,Extreme Greed,7,1,6000.799999999999,-2.100278,0.0,81.0,-0.30003971428571424
2024-03-14,Extreme Greed,18,2,205933.18,3454.14904,0.8888888888888888,88.0,191.89716888888887
2024-03-15,Extreme Greed,62,3,351894.41,6187.0286479999995,0.6612903225806451,83.0,99.79078464516128
2024-03-16,Extreme Greed,8,2,37223.66,218.05156,0.125,81.0,27.256445
2024-03-17,Extreme Greed,23,3,99506.95,469.5306259999999,0.43478260869565216,79.0,20.41437504347826
2024-03-18,Extreme Greed,19,3,90458.08,1432.01442,0.3157894736842105,77.0,75.36918
2024-03-19,Extreme Greed,24,3,219884.84,642.809661,0.20833333333333334,79.0,26.783735875
2024-03-20,Greed,69,2,215705.85,6383.255760999999,0.8695652173913043,74.0,92.51095305797101
2024-03-21,Extreme Greed,28,3,117895.57,2319.1133250000003,0.8214285714285714,78.0,82.82547589285716
2024-03-24,Greed,19,1,92592.20999999999,1288.12964,0.7894736842105263,74.0,67.79629684210526
2024-03-25,Extreme Greed,7,1,57116.32,1282.925716,0.8571428571428571,75.0,183.27510228571427
2024-03-26,Extreme Greed,118,2,198565.19,3187.7591899999998,0.9322033898305084,81.0,27.014908389830506
2024-03-27,Extreme Greed,38,2,99864.79,118.693188,0.3157894736842105,83.0,3.123504947368421
2024-03-28,Extreme Greed,13,2,35323.72,218.791779,0.6923076923076923,80.0,16.830136846153845
2024-03-29,Extreme Greed,15,1,86914.37,852.677374,0.4,79.0,56.845158266666665
2024-03-30,Extreme Greed,45,1,101103.92,1090.635686,0.9777777777777777,75.0,24.23634857777778
2024-03-31,Extreme Greed,13,1,39912.96,898.8166229999999,0.7692307692307693,75.0,69.13974023076922
2024-04-01,Extreme Greed,77,2,339470.47,2424.212044,0.5454545454545454,79.0,31.4832732987013
2024-04-02,Extreme Greed,41,2,239664.50999999998,803.628238,0.2926829268292683,79.0,19.60068873170732
2024-04-03,Greed,4,2,16887.57,125.12719899999999,0.25,71.0,31.281799749999998
2024-04-04,Greed,32,1,95987.73,-33.595684999999996,0.0,70.0,-1.0498651562499999
2024-04-05,Extreme Greed,100,3,503791.8,10603.054168,0.9,79.0,106.03054168
2024-04-06,Extreme Greed,16,1,68223.67,212.45685699999999,0.25,75.0,13.278553562499999
2024-04-07,Extreme Greed,23,1,49988.14,-17.495845,0.0,78.0,-0.7606889130434782
2024-04-08,Extreme Greed,30,2,211940.64,1156.636152,0.03333333333333333,76.0,38.5545384
2024-04-09,Extreme Greed,3,1,57063.840000000004,-19.972341,0.0,80.0,-6.657447
2024-04-10,Extreme Greed,41,1,351735.97,5084.335852,0.8780487804878049,78.0,124.00819151219513
2024-04-11,Extreme Greed,16,1,76400.96,363.002835,0.125,76.0,22.6876771875
2024-04-12,Extreme Greed,129,3,442088.59,-690.206714,0.5503875968992248,79.0,-5.350439643410853
2024-04-13,Greed,89,2,486411.25,6502.452579000001,0.6853932584269663,72.0,73.06126493258428
2024-04-14,Greed,107,2,659162.17,-36317.489924,0.308411214953271,72.0,-339.415793682243
2024-04-15,Greed,41,2,291111.19,3733.438116,0.8536585365853658,74.0,91.05946624390243
2024-04-16,Greed,47,2,181907.17,2449.244536,0.9148936170212766,65.0,52.11158587234043
2024-04-17,Greed,14,1,97562.99,2430.8474370000004,0.9285714285714286,67.0,173.63195978571432
2024-04-19,Greed,35,1,337257.92000000004,1828.4052020000001,0.7714285714285715,66.0,52.24014862857143
2024-04-20,Greed,22,2,60733.24,-121.289047,0.0,66.0,-5.5131385
2024-04-22,Greed,9,1,47993.61,-16.797764,0.0,73.0,-1.8664182222222223
2024-04-23,Greed,66,2,233054.9,1048.2277199999999,0.5303030303030303,71.0,15.88223818181818
2024-04-24,Greed,20,1,141275.24,229.73959100000002,0.3,72.0,11.486979550000001
2024-04-25,Greed,74,2,120241.01,-160.159512,0.0,72.0,-2.16431772972973
2024-04-26,Greed,3,1,4988.290000000001,-1.745898,0.0,70.0,-0.581966
2024-04-27,Greed,27,1,154264.47,4227.495589,0.7037037037037037,67.0,156.57391070370372
2024-04-28,Greed,58,2,43985.6,-15.394946,0.0,65.0,-0.26543010344827583
2024-04-29,Greed,45,2,108699.01,488.889206,0.37777777777777777,67.0,10.864204577777778
2024-04-30,Greed,24,1,125018.75,-43.75655,0.0,67.0,-1.8231895833333331
2024-05-01,Neutral,14,1,87025.45,-30.458908,0.0,54.0,-2.175636285714286
2024-05-03,Neutral,36,3,282682.64999999997,5207.106364,0.4722222222222222,48.0,144.64184344444445
2024-05-04,Greed,9,2,58998.75,-20.649559,0.0,67.0,-2.2943954444444445
2024-05-05,Greed,6,2,24068.350000000002,-7.496778,0.16666666666666666,69.0,-1.249463
2024-05-06,Greed,9,1,206016.43,896.484634,0.4444444444444444,71.0,99.60940377777779
2024-05-07,Greed,18,3,108717.58,845.4986319999999,0.5,68.0,46.97214622222222
2024-05-08,Greed,13,2,65973.57,-21.511066,0.07692307692307693,64.0,-1.6546973846153845
2024-05-09,Greed,28,2,221966.12,1069.9077240000001,0.39285714285714285,55.0,38.21099014285715
2024-05-10,Greed,22,1,156882.0,2046.833005,0.2727272727272727,66.0,93.03786386363636
2024-05-11,Neutral,9,1,63248.95,229.46761700000002,1.0,53.0,25.49640188888889
2024-05-12,Greed,23,2,55179.56,-19.312829,0.0,56.0,-0.8396882173913044
2024-05-13,Greed,28,2,193118.9,2069.26226,0.35714285714285715,57.0,73.90222357142856
2024-05-14,Greed,23,1,145853.4,1099.4746200000002,0.17391304347826086,66.0,47.803244347826094
2024-05-15,Greed,36,1,234922.57,866.747695,0.4722222222222222,64.0,24.07632486111111
2024-05-16,Greed,27,2,162620.96,157.67248,0.18518518518518517,70.0,5.839721481481482
2024-05-18,Greed,25,1,126303.14,3478.188569,0.64,73.0,139.12754275999998
2024-05-19,Greed,8,1,29998.09,-10.499327000000001,0.0,72.0,-1.3124158750000001
2024-05-20,Greed,10,2,38124.75,-88.162104,0.0,70.0,-8.8162104
2024-05-21,Extreme Greed,125,2,1100948.59,6904.065627999999,0.112,76.0,55.232525024
2024-05-22,Extreme Greed,6,1,44995.29,-15.748349000000001,0.0,76.0,-2.6247248333333335
2024-05-23,Extreme Greed,325,3,401850.6,299.91725,0.4461538461538462,76.0,0.9228223076923078
2024-05-24,Greed,2,1,50811.899999999994,804.165113,1.0,74.0,402.0825565
2024-05-25,Extreme Greed,16,2,29991.129999999997,3.879151999999998,0.3125,76.0,0.24244699999999988
2024-05-26,Extreme Greed,16,2,53976.67,759.915709,0.25,75.0,47.4947318125
2024-05-27,Greed,251,1,151115.72,1083.523404,0.35856573705179284,74.0,4.316826310756972
2024-05-29,Greed,164,2,84268.76,240.915354,0.4146341463414634,72.0,1.4689960609756099
2024-05-30,Greed,7,1,2838.09,19.958107,0.7142857142857143,73.0,2.8511581428571424
2024-05-31,Greed,13,1,3636.14,24.085473999999998,0.3076923076923077,73.0,1.852728769230769
2024-06-01,Greed,25,1,12834.62,87.018313,0.36,72.0,3.48073252
2024-06-02,Greed,93,1,29464.51,185.114035,0.3655913978494624,73.0,1.990473494623656
2024-06-03,Greed,70,1,21466.86,557.430122,0.6285714285714286,73.0,7.963287457142857
2024-06-04,Greed,53,1,24243.41,44.778485,0.4716981132075472,73.0,0.8448770754716982
2024-06-05,Extreme Greed,54,1,25350.77,48.951446000000004,0.2962962962962963,75.0,0.9065082592592594
2024-06-06,Extreme Greed,234,1,137557.76,237.093763,0.42735042735042733,78.0,1.0132212094017095
2024-06-07,Extreme Greed,440,3,1098588.76,8529.504751999999,0.4,77.0,19.38523807272727
2024-06-08,Greed,29,2,97351.88,95.065702,0.27586206896551724,72.0,3.2781276551724137
2024-06-09,Extreme Greed,17,2,22410.22,-7.515775,0.0,75.0,-0.4421044117647059
2024-06-10,Greed,53,2,46587.93,16.570477,0.33962264150943394,72.0,0.3126505094339623
2024-06-11,Greed,123,3,373279.92,4190.703598,0.13821138211382114,74.0,34.07076095934959
2024-06-12,Greed,254,2,193407.96,-21950.45291,0.08267716535433071,72.0,-86.41910594488189
2024-06-13,Greed,79,2,132577.22,6599.357365,0.24050632911392406,70.0,83.53616917721519
2024-06-14,Greed,31,2,139868.66,10219.638533,0.4838709677419355,74.0,329.6657591290322
2024-06-15,Greed,78,2,718350.25,3118.535797,0.48717948717948717,74.0,39.98122816666667
2024-06-16,Greed,11,1,25235.079999999998,-8.832277,0.0,71.0,-0.8029342727272727
2024-06-17,Greed,38,2,368380.12,10470.56935,0.6578947368421053,71.0,275.5412986842105
2024-06-18,Greed,25,2,263314.79,215.416102,0.16,74.0,8.61664408
2024-06-19,Greed,61,3,417071.12,4748.805201,0.5081967213114754,64.0,77.84926559016394
2024-06-20,Greed,39,3,207990.8,57464.986976,0.20512820512820512,60.0,1473.4612045128206
2024-06-21,Greed,80,2,176264.49,712.281105,0.0375,63.0,8.9035138125
2024-06-22,Neutral,24,2,169594.27000000002,716.343183,0.3333333333333333,53.0,29.847632625
2024-06-23,Greed,5,1,1792.12,-0.17921199999999998,0.0,55.0,-0.035842399999999996
2024-06-24,Neutral,31,2,403002.8,-103.551001,0.0,51.0,-3.340354870967742
2024-06-25,Fear,49,1,103099.08,4833.268454,0.22448979591836735,30.0,98.63813171428572
2024-06-26,Neutral,72,2,365190.66000000003,4070.177882,0.2916666666666667,46.0,56.53024836111111
2024-06-27,Fear,30,2,130486.95,-45.556012,0.0,40.0,-1.5185337333333335
2024-06-29,Fear,75,2,280095.11,5690.030914,0.32,30.0,75.86707885333334
2024-06-30,Neutral,14,2,30520.69,-17.057669,0.0,47.0,-1.2184049285714287
2024-07-01,Neutral,64,2,362670.14999999997,4640.516283,0.40625,53.0,72.508066921875
2024-07-02,Neutral,18,1,33347.47,2409.794386,0.7222222222222222,51.0,133.87746588888888
2024-07-03,Neutral,18,2,179600.66,1055.7586019999999,0.2222222222222222,50.0,58.65325566666666
2024-07-04,Fear,25,2,430568.01,-113.02464499999999,0.0,44.0,-4.5209858
2024-07-05,Fear,32,2,272289.89,-95.130717,0.0,29.0,-2.97283490625
2024-07-06,Fear,24,1,2490.17,-235.481982,0.2916666666666667,26.0,-9.81174925
2024-07-07,Fear,10,1,498.75,61.379067,1.0,29.0,6.1379067
2024-07-08,Fear,1,1,497.64,-0.0156,0.0,28.0,-0.0156
2024-07-09,Fear,15,1,2736.45,648.586844,1.0,27.0,43.239122933333334
2024-07-10,Fear,56,2,687900.21,11736.969867,0.6785714285714286,28.0,209.588747625
2024-07-11,Fear,19,1,169887.02,1817.351639,0.47368421052631576,29.0,95.65008626315789
2024-07-12,Fear,19,2,89582.97,1380.9606250000002,0.47368421052631576,25.0,72.68213815789474
2024-07-13,Fear,17,2,139189.19,2864.9016269999997,1.0,25.0,168.52362511764704
2024-07-14,Fear,7,1,84001.13,-29.400389,0.0,33.0,-4.200055571428572
2024-07-15,Neutral,26,2,198344.85,-69.995769,0.0,52.0,-2.692144961538461
2024-07-16,Greed,22,1,144000.57,-50.400180999999996,0.0,65.0,-2.290917318181818
2024-07-17,Greed,351,3,626005.53,1652.667564,0.4131054131054131,69.0,4.708454598290598
2024-07-18,Greed,60,2,649704.85,3576.487647,0.8,61.0,59.60812745
2024-07-19,Greed,23,2,150269.42,2103.296826,0.5217391304347826,60.0,91.44768808695652
2024-07-20,Greed,266,2,244362.21,2218.411148,0.12406015037593984,74.0,8.339891533834587
2024-07-21,Greed,448,2,234307.46,-3025.440227,0.046875,74.0,-6.753214792410715
2024-07-22,Greed,154,2,304213.8,1419.66034,0.14285714285714285,70.0,9.218573636363637
2024-07-23,Greed,370,3,358526.54,89831.05908,0.8891891891891892,71.0,242.78664616216219
2024-07-24,Greed,90,5,69207.93,570.4942,0.2,69.0,6.338824444444445
2024-07-25,Greed,78,3,528555.31,692.5523440000001,0.1282051282051282,68.0,8.878876205128206
2024-07-26,Greed,152,4,548587.65,2559.946098,0.40131578947368424,68.0,16.84175064473684
2024-07-27,Greed,57,2,905199.75,6083.803762,0.7368421052631579,72.0,106.73339933333332
2024-07-28,Greed,16,2,43254.68,572.159908,0.75,71.0,35.75999425
2024-07-29,Greed,39,2,327199.14,216.28477,0.41025641025641024,74.0,5.545763333333333
2024-07-30,Greed,6,1,36006.47,-12.602264,0.0,67.0,-2.1003773333333333
2024-07-31,Greed,43,2,84506.54,736.113617,0.32558139534883723,61.0,17.118921325581393
2024-08-01,Neutral,57,4,227774.53,58.98498099999998,0.07017543859649122,52.0,1.0348242280701752
2024-08-02,Greed,63,3,396320.37,636.847729,0.2698412698412698,57.0,10.108694111111111
2024-08-03,Fear,37,5,290532.86,355.53659400000004,0.02702702702702703,37.0,9.609097135135135
2024-08-04,Fear,127,5,1207744.07,-123117.903118,0.023622047244094488,34.0,-969.432308015748
2024-08-05,Fear,80,4,420495.4,-13216.384327,0.4125,26.0,-165.2048040875
2024-08-06,Extreme Fear,107,2,61478.38,204.696769,0.12149532710280374,17.0,1.9130539158878503
2024-08-07,Fear,33,3,2492.77,185.0370512,0.30303030303030304,29.0,5.60718336969697
2024-08-08,Extreme Fear,9,2,16299.35,-47.360212,0.0,20.0,-5.262245777777777
2024-08-09,Neutral,144,5,503204.86,17896.81689532,0.2986111111111111,48.0,124.28345066194444
2024-08-10,Fear,88,2,11339.29,-50.0831879,0.0,40.0,-0.5691271352272728
2024-08-11,Fear,24,2,44230.21,806.845333,0.16666666666666666,39.0,33.618555541666666
2024-08-12,Fear,48,3,54167.32,822.598605,0.125,25.0,17.1374709375
2024-08-13,Fear,23,3,20797.87,194.148143,0.34782608695652173,31.0,8.441223608695653
2024-08-14,Fear,25,3,66710.03,2122.4084070000004,0.2,30.0,84.89633628000001
2024-08-15,Fear,12,1,1522.3700000000001,-16.50261,0.0,29.0,-1.3752175
2024-08-16,Fear,35,2,166382.84,744.042602,0.08571428571428572,27.0,21.258360057142855
2024-08-17,Fear,30,2,30248.96,-305.379652,0.0,25.0,-10.179321733333333
2024-08-18,Fear,15,2,62804.48,285.220331,0.8,31.0,19.014688733333333
2024-08-19,Fear,8,1,100315.03,304.58932500000003,0.625,28.0,38.073665625000004
2024-08-20,Fear,12,2,49914.8,175.13267000000002,0.08333333333333333,30.0,14.594389166666668
2024-08-21,Fear,145,2,104990.41,619.454342,0.3724137931034483,26.0,4.272098910344828
2024-08-23,Fear,10,1,63509.56,983.076928,0.3,34.0,98.3076928
2024-08-24,Greed,7,2,34999.67,-12.249882,0.0,56.0,-1.7499831428571428
2024-08-25,Neutral,17,2,21950.28,-26.303603,0.0,54.0,-1.5472707647058823
2024-08-26,Greed,6,2,92611.27,198.933986,0.3333333333333333,55.0,33.155664333333334
2024-08-27,Neutral,50,2,70250.16,-52.053552,0.0,48.0,-1.04107104
2024-08-28,Fear,9,2,71160.06999999999,1308.453619,0.2222222222222222,30.0,145.38373544444443
2024-08-29,Fear,1,1,9995.85,-3.498547,0.0,29.0,-3.498547
2024-08-30,Fear,6,4,37233.24,243.432824,0.16666666666666666,34.0,40.57213733333334
2024-08-31,Fear,34,3,107507.43000000001,-29.072513999999998,0.35294117647058826,29.0,-0.8550739411764705
2024-09-01,Fear,12,1,12359.68,133.107232,0.4166666666666667,26.0,11.092269333333334
2024-09-02,Fear,2,1,30000.42,-10.500148,0.0,26.0,-5.250074
2024-09-04,Fear,34,2,131480.97,1002.214905,0.14705882352941177,27.0,29.476908970588237
2024-09-05,Fear,1,1,0.84,0.0,0.0,29.0,0.0
2024-09-06,Extreme Fear,42,2,39047.1,-1118.523241,0.0,22.0,-26.63150573809524
2024-09-08,Fear,1,1,0.11,0.0,0.0,29.0,0.0
2024-09-09,Fear,2,1,4014.4300000000003,-34.9079,0.0,26.0,-17.45395
2024-09-10,Fear,3,2,2547.28,-227.020059,0.0,33.0,-75.673353
2024-09-11,Fear,1,1,0.54,0.0,0.0,37.0,0.0
2024-09-14,Neutral,11,2,1014.8000000000001,-30.381330000000002,0.0,50.0,-2.7619390909090913
2024-09-18,Neutral,145,1,13633.5,-910.417737,0.0,45.0,-6.278743013793103
2024-09-19,Neutral,19,1,1521.8700000000001,-28.60766,0.0,49.0,-1.5056663157894736
2024-09-20,Neutral,16,2,332873.38,9475.717249,0.5,54.0,592.2323280625
2024-09-21,Neutral,23,1,165648.12,36107.592489,1.0,54.0,1569.8953256086957
2024-09-22,Neutral,3,1,19999.739999999998,-6.999907,0.0,52.0,-2.3333023333333336
2024-09-23,Neutral,2,1,40334.29,320.643794,0.5,50.0,160.321897
2024-09-24,Neutral,10,2,7118.63,-12.966142,0.0,54.0,-1.2966142
2024-09-25,Greed,9,2,52754.130000000005,-17.764677,0.0,59.0,-1.9738529999999999
2024-09-26,Neutral,8,2,113711.93000000001,408.464309,0.25,50.0,51.058038625
2024-09-27,Greed,56,2,126097.04,-37.503311,0.0,61.0,-0.669701982142857
2024-09-28,Greed,4,1,29199.21,-2.8031200000000003,0.0,64.0,-0.7007800000000001
2024-09-30,Greed,106,2,214669.85,2644.988712,0.04716981132075472,61.0,24.952723698113207
2024-10-01,Neutral,4,1,139954.32,-48.98401,0.0,50.0,-12.2460025
2024-10-02,Fear,4,1,99954.34,-34.984016999999994,0.0,42.0,-8.746004249999999
2024-10-03,Fear,9,2,132935.69,53.848290999999996,0.3333333333333333,37.0,5.983143444444444
2024-10-04,Fear,1,1,0.34,0.0,0.0,41.0,0.0
2024-10-05,Neutral,37,2,605605.74,5555.200121,0.6486486486486487,49.0,150.1405438108108
2024-10-06,Neutral,22,1,300130.56,25.441386,0.22727272727272727,50.0,1.1564266363636364
2024-10-07,Neutral,21,1,219984.65,-76.994616,0.0,50.0,-3.6664102857142855
2024-10-08,Neutral,36,2,434584.13,5244.4424180000005,0.9166666666666666,49.0,145.67895605555557
2024-10-09,Neutral,14,1,220399.93,318.922753,0.21428571428571427,49.0,22.780196642857142
2024-10-10,Fear,16,1,300024.33999999997,-105.00851,0.0,39.0,-6.563031875
2024-10-11,Fear,26,2,488904.19,8714.211283,0.6923076923076923,32.0,335.1619724230769
2024-10-12,Neutral,10,1,159713.4,485.65502499999997,0.7,49.0,48.565502499999994
2024-10-13,Neutral,10,1,60002.42,-21.000841,0.0,50.0,-2.1000841
2024-10-14,Neutral,5,1,61916.020000000004,1891.948976,1.0,48.0,378.3897952
2024-10-15,Greed,7,1,81173.36,1141.815403,0.5714285714285714,65.0,163.11648614285716
2024-10-16,Greed,11,1,80229.17,191.400672,0.2727272727272727,73.0,17.40006109090909
2024-10-17,Greed,9,2,140531.75,-13.071147000000003,0.1111111111111111,71.0,-1.452349666666667
2024-10-18,Greed,6,1,120331.43000000001,291.103143,0.8333333333333334,73.0,48.5171905
2024-10-19,Greed,4,1,99996.86,-34.998901000000004,0.0,72.0,-8.749725250000001
2024-10-20,Greed,96,2,176447.86000000002,329.898338,0.11458333333333333,73.0,3.4364410208333336
2024-10-21,Greed,173,2,324117.99,2355.057521,0.3930635838150289,72.0,13.61304925433526
2024-10-22,Greed,3,1,60000.36,-21.000124,0.0,70.0,-7.000041333333333
2024-10-23,Greed,18,1,210006.07,-119.992052,0.0,71.0,-6.666225111111111
2024-10-25,Greed,30,2,427883.18,13092.020156999999,0.7,72.0,436.40067189999996
2024-10-27,Greed,4,1,90664.41,634.929768,0.75,74.0,158.732442
2024-10-28,Greed,13,2,121495.25,125.00682200000003,0.3076923076923077,72.0,9.615909384615387
2024-10-29,Greed,53,2,613267.8099999999,586.527162,0.05660377358490566,72.0,11.066550226415094
2024-10-30,Extreme Greed,25,1,11830.85,5.5530349999999995,0.28,77.0,0.22212139999999997
2024-10-31,Extreme Greed,48,3,896173.36,901.332883,0.7083333333333334,77.0,18.777768395833334
2024-11-01,Extreme Greed,23,2,260981.03,949.820861,0.2608695652173913,75.0,41.296559173913046
2024-11-02,Greed,2,1,40000.0,-13.999997,0.0,72.0,-6.9999985
2024-11-03,Greed,6,2,129055.66,-40.404152,0.0,74.0,-6.734025333333334
2024-11-04,Greed,36,2,451811.97,2641.2762940000002,0.6388888888888888,70.0,73.36878594444445
2024-11-05,Greed,10,1,200627.23,608.256404,0.5,70.0,60.8256404
2024-11-06,Greed,15,2,123906.9,2774.46982,0.4666666666666667,70.0,184.96465466666666
2024-11-07,Extreme Greed,113,3,111335.3,4467.17469362,0.5309734513274337,77.0,39.53251941256637
2024-11-08,Extreme Greed,39,2,270700.44,-158.29179800000006,0.15384615384615385,75.0,-4.058764051282052
2024-11-09,Extreme Greed,86,2,193384.41,36.724437,0.22093023255813954,75.0,0.42702833720930233
2024-11-10,Extreme Greed,173,3,413636.7,848.800788,0.2947976878612717,78.0,4.906362936416185
2024-11-11,Extreme Greed,373,4,1570572.42,6352.720446,0.24664879356568364,76.0,17.03142210723861
2024-11-12,Extreme Greed,171,4,1226354.52,3066.494541,0.19883040935672514,80.0,17.932716614035087
2024-11-13,Extreme Greed,48,5,515336.37,7667.2182060000005,0.5625,84.0,159.733712625
2024-11-14,Extreme Greed,110,2,1008361.81,4228.480423,0.2545454545454545,88.0,38.440731118181816
2024-11-15,Extreme Greed,149,4,1427858.42,3674.312925,0.3691275167785235,80.0,24.659818288590607
2024-11-16,Extreme Greed,157,4,303296.07,2669.350606,0.3057324840764331,86.0,17.00223315923567
2024-11-17,Extreme Greed,209,4,1215987.57,611.863596,0.23444976076555024,90.0,2.927577014354067
2024-11-18,Extreme Greed,346,7,2084339.58,4025.710848,0.3583815028901734,83.0,11.635002450867052
2024-11-19,Extreme Greed,305,5,628031.15,2756.782058,0.4918032786885246,90.0,9.038629698360655
2024-11-20,Extreme Greed,550,5,1999514.1199999999,3566.035528,0.3981818181818182,83.0,6.48370096
2024-11-21,Extreme Greed,535,5,598300.62,1493.802624,0.308411214953271,82.0,2.7921544373831773
2024-11-22,Extreme Greed,679,6,1646713.62,-18541.784676,0.3078055964653903,94.0,-27.30748847717231
2024-11-23,Extreme Greed,363,4,516245.68,2746.909771,0.3526170798898072,93.0,7.567244548209366
2024-11-24,Extreme Greed,172,3,664952.28,742.96726,0.26744186046511625,80.0,4.3195770930232555
2024-11-25,Extreme Greed,255,2,937410.87,5239.961033,0.4117647058823529,82.0,20.54886679607843
2024-11-26,Extreme Greed,302,4,1146902.44,783.510881,0.2913907284768212,79.0,2.594406890728477
2024-11-27,Extreme Greed,213,2,1444242.53,-3094.210169,0.3474178403755869,75.0,-14.52680830516432
2024-11-28,Extreme Greed,332,5,1894225.15,-127390.981594,0.32831325301204817,77.0,-383.70777588554216
2024-11-29,Extreme Greed,393,11,794262.91,176652.54241643,0.48854961832061067,78.0,449.4975634005852
2024-11-30,Extreme Greed,373,8,1732193.7,36764.3181805,0.42091152815013405,84.0,98.56385571179624
2024-12-01,Extreme Greed,416,9,814711.82,40640.98074262,0.53125,81.0,97.69466524668269
2024-12-02,Extreme Greed,270,8,585243.56,18341.71649941,0.4074074074074074,80.0,67.93228333114814
2024-12-03,Extreme Greed,374,8,1084666.53,23245.966193289998,0.4304812834224599,76.0,62.15498982163101
2024-12-04,Extreme Greed,319,7,769287.65,292719.20860335,0.46394984326018807,78.0,917.6150739916927
2024-12-05,Extreme Greed,456,8,1256750.79,71221.35276477,0.4232456140350877,84.0,156.18717711572367
2024-12-06,Greed,403,10,3471019.22,-93316.63768087,0.23325062034739455,72.0,-231.55493221059552
2024-12-07,Extreme Greed,304,6,451733.42,85797.8270291,0.4309210526315789,75.0,282.229694174671
2024-12-08,Extreme Greed,420,6,932939.72,15731.75455254,0.3619047619047619,79.0,37.456558458428574
2024-12-09,Extreme Greed,539,10,983949.68,6136.19423957,0.31910946196660483,78.0,11.38440489716141
2024-12-10,Extreme Greed,1596,11,3150424.08,38872.22954565,0.5870927318295739,78.0,24.356033549906016
2024-12-11,Greed,1221,12,2194098.33,318638.04498694,0.7125307125307125,74.0,260.96481980912364
2024-12-12,Extreme Greed,1932,14,4557189.87,598452.82955649,0.6997929606625258,83.0,309.7581933522205
2024-12-13,Extreme Greed,1173,11,2880824.64,31482.67436864,0.40153452685422,76.0,26.839449589633418
2024-12-14,Extreme Greed,1235,12,2369561.78,167569.30779897,0.47368421052631576,83.0,135.6836500396518
2024-12-15,Extreme Greed,1697,15,2583269.81,97293.98470862,0.24572775486152032,80.0,57.33293147237478
2024-12-16,Extreme Greed,1055,13,2740808.97,166372.194077,0.5071090047393365,83.0,157.69876215829385
2024-12-17,Extreme Greed,1941,16,5233597.63,218845.16478602,0.4363730036063885,87.0,112.74866810201958
2024-12-18,Extreme Greed,1429,13,3798887.07,12991.54670279,0.36599020293911827,81.0,9.09135528536739
2024-12-19,Extreme Greed,3339,13,8241709.39,61687.771306919996,0.6148547469302186,75.0,18.47492402123989
2024-12-20,Greed,2488,15,7681274.71,253758.82173322001,0.5558681672025724,74.0,101.9930955519373
2024-12-21,Greed,1681,8,4382875.12,149341.77155987,0.5496728138013087,73.0,88.84103007725757
2024-12-22,Greed,774,8,3087320.22,351864.10712847,0.4354005167958656,73.0,454.60478957166663
2024-12-23,Greed,2347,14,6771878.26,-30631.523523569995,0.2901576480613549,70.0,-13.051352161725605
2024-12-24,Greed,338,11,1767036.11,14426.99767577,0.33727810650887574,73.0,42.68342507624261
2024-12-25,Greed,208,6,347889.35,690.1382647799999,0.30288461538461536,73.0,3.3179724268269224
2024-12-26,Extreme Greed,697,7,2205242.65,59705.28072352,0.5136298421807748,79.0,85.66037406530847
2024-12-27,Greed,260,7,347913.0,2584.2553884000004,0.4230769230769231,74.0,9.939443801538463
2024-12-28,Greed,161,7,281555.01,892.26513037,0.22981366459627328,72.0,5.542019443291925
2024-12-29,Greed,201,7,344628.54,2811.9505699,0.31840796019900497,73.0,13.98980383034826
2024-12-30,Greed,304,9,1073865.73,8724.83181652,0.39473684210526316,65.0,28.700104659605262
2024-12-31,Greed,306,6,877164.62,5178.49639887,0.3006535947712418,64.0,16.923190845980393
2025-01-01,Greed,96,6,282582.1,-9559.66972721,0.3020833333333333,66.0,-99.57989299177082
2025-01-02,Greed,361,9,774674.84,8540.37939377,0.45706371191135736,70.0,23.657560647562324
2025-01-03,Greed,508,9,771208.99,5817.48895619,0.27165354330708663,74.0,11.451749913759842
2025-01-04,Greed,371,9,1826029.6199999999,2319.825997,0.20215633423180593,73.0,6.252900261455525
2025-01-05,Greed,239,8,451943.57,3048.37775203,0.41841004184100417,72.0,12.754718627740585
2025-01-06,Extreme Greed,573,7,556526.99,5889.25430475,0.15532286212914484,76.0,10.27793072382199
2025-01-07,Extreme Greed,637,6,1313178.1,15794.84107837,0.7613814756671899,78.0,24.795668882841444
2025-01-08,Greed,1039,11,3177275.18,129420.17764361999,0.37151106833493747,70.0,124.56224989761307
2025-01-09,Greed,522,7,1020733.25,46700.41512257,0.2777777777777778,69.0,89.46439678653256
2025-01-10,Neutral,819,7,6547449.68,-12211.054727050001,0.5274725274725275,50.0,-14.909712731440782
2025-01-11,Greed,283,7,1658098.71,1774.4325586500001,0.24381625441696114,69.0,6.27007971254417
2025-01-12,Greed,602,7,2258459.17,5130.1590503,0.7840531561461794,62.0,8.521858887541528
2025-01-13,Greed,408,11,2936648.0100000002,8792.32922722,0.3872549019607843,61.0,21.54982653730392
2025-01-14,Greed,275,9,876581.97,15828.92130552,0.49818181818181817,63.0,57.559713838254545
2025-01-15,Greed,267,11,1801599.8900000001,14305.97930518,0.4606741573033708,70.0,53.58044683588015
2025-01-16,Extreme Greed,371,9,3049692.96,19917.140160040002,0.3423180592991914,75.0,53.68501390846362
2025-01-17,Extreme Greed,238,8,1110230.46,6655.00095911,0.5294117647058824,75.0,27.962188903823527
2025-01-18,Extreme Greed,651,12,2711629.88,-372.70111945999986,0.38095238095238093,77.0,-0.57250555984639
2025-01-19,Extreme Greed,1567,15,9715215.3,85761.44366229,0.20229738353541799,77.0,54.729702400950856
2025-01-20,Extreme Greed,1315,15,8287327.01,85069.57935334,0.5224334600760456,76.0,64.69169532573385
2025-01-21,Extreme Greed,530,8,1523729.82,10679.5351557,0.3867924528301887,76.0,20.150066331509432
2025-01-22,Extreme Greed,832,10,1778406.43,20053.23791724,0.28125,84.0,24.102449419759616
2025-01-23,Extreme Greed,1218,12,3697028.66,100167.89229032,0.6609195402298851,75.0,82.23964884262726
2025-01-24,Extreme Greed,874,11,1611433.45,10264.1361369,0.5583524027459954,75.0,11.74386285686499
2025-01-25,Extreme Greed,506,11,1239377.7,-10666.95001806,0.27865612648221344,75.0,-21.080928889446643
2025-01-26,Greed,451,7,1201173.66,40441.20851377,0.43458980044345896,73.0,89.6700853963858
2025-01-27,Greed,773,15,1508028.31,40925.50622457,0.4760672703751617,71.0,52.94373379633894
2025-01-28,Greed,498,8,579412.17,17854.90368837,0.6285140562248996,72.0,35.853220257771085
2025-01-29,Greed,910,9,1897513.41,22808.49032491,0.4164835164835165,72.0,25.06427508231868
2025-01-30,Greed,1067,11,3014397.17,22222.82026927,0.3467666354264292,70.0,20.82738544448922
2025-01-31,Extreme Greed,1016,11,2783411.48,35197.35872149,0.5413385826771654,76.0,34.64306960776575
2025-02-01,Greed,634,12,1363746.44,32014.72763511,0.5962145110410094,68.0,50.49641582824921
2025-02-02,Greed,1319,13,5661092.29,161670.63753379,0.35860500379075055,60.0,122.57061223183472
2025-02-03,Fear,2380,12,22592901.37,345879.76064494,0.4634453781512605,44.0,145.32763052308405
2025-02-04,Greed,2512,13,15678409.27,413023.10955606,0.276671974522293,72.0,164.42002768951434
2025-02-05,Neutral,1297,11,8743231.51,55370.48594533,0.3215111796453354,54.0,42.691199649444876
2025-02-06,Neutral,1703,11,2818508.87,33094.669374389996,0.46095126247798,49.0,19.433158763587784
2025-02-07,Fear,1524,13,3460263.54,21711.91285266,0.2821522309711286,44.0,14.246661976811023
2025-02-08,Fear,575,10,839734.97,476.72696682,0.19130434782608696,44.0,0.8290903770782608
2025-02-09,Neutral,764,12,2920919.7,150124.46766704,0.4306282722513089,46.0,196.4979943285864
2025-02-10,Fear,889,14,3624958.44,63417.1323079,0.4780652418447694,43.0,71.33535692677165
2025-02-11,Neutral,848,12,2797544.17,-6570.2149448499995,0.21816037735849056,47.0,-7.747894982134433
2025-02-12,Neutral,1031,12,4143974.54,18749.48000086,0.4626576139670223,46.0,18.18572260025218
2025-02-13,Neutral,1370,11,3199852.21,27006.04675398,0.4678832116788321,50.0,19.71244288611679
2025-02-14,Neutral,1655,15,4007103.42,212899.09759225,0.42900302114803623,48.0,128.63993812220545
2025-02-15,Neutral,932,12,1712852.95,44668.83969198,0.4302575107296137,50.0,47.92793958366953
2025-02-16,Neutral,681,10,806177.64,2197.90641972,0.44052863436123346,54.0,3.227469045110132
2025-02-17,Neutral,941,9,2031044.64,1565.08653936,0.22422954303931988,51.0,1.6632163011264611
2025-02-18,Neutral,1676,11,3371128.68,90595.13300009,0.5119331742243437,47.0,54.05437529838306
2025-02-19,Fear,1361,10,3263930.24,14297.3072515,0.4276267450404115,44.0,10.50500165429831
2025-02-20,Neutral,2012,11,4628609.29,44776.33007725,0.47912524850894633,49.0,22.254637215333002
2025-02-21,Greed,1873,14,3972159.88,118863.77563623,0.5221569674319274,55.0,63.46170615922584
2025-02-22,Neutral,686,10,3175570.2,24398.53954403,0.4970845481049563,49.0,35.56638417497085
2025-02-23,Neutral,520,12,1141310.74,10426.93153183,0.45,50.0,20.051791407365386
2025-02-24,Neutral,5616,14,11223619.59,36372.21180876,0.39672364672364674,49.0,6.47653344173077
2025-02-25,Fear,6246,18,19414984.36,201575.56196969,0.260646813960935,25.0,32.27274447161223
2025-02-26,Extreme Fear,1176,13,4946958.13,62474.89058233,0.6709183673469388,21.0,53.124906957763606
2025-02-27,Extreme Fear,890,9,1999898.43,-37037.31349031,0.27752808988764044,10.0,-41.614958977876405
2025-02-28,Extreme Fear,1019,13,4123660.77,224749.71048404,0.3886162904808636,16.0,220.55908781554464
2025-03-01,Extreme Fear,174,5,263824.13,10559.045422610001,0.4482758620689655,20.0,60.68416909545977
2025-03-02,Fear,532,10,6460848.74,64982.62376599,0.5018796992481203,26.0,122.14778903381578
2025-03-03,Fear,1482,14,8244590.38,615372.46819058,0.6153846153846154,33.0,415.23108514883944
2025-03-04,Extreme Fear,2402,16,11124247.15,179855.23009972,0.25353871773522063,15.0,74.87728147365529
2025-03-05,Extreme Fear,1660,13,9193654.22,267007.04440615,0.7584337349397591,20.0,160.84761711213855
2025-03-06,Fear,760,12,6765324.96,14794.508397739999,0.48026315789473684,25.0,19.466458418078947
2025-03-07,Fear,2552,14,19854275.48,145319.56058013,0.5223354231974922,34.0,56.94340148124216
2025-03-08,Fear,529,13,892083.51,24492.433586,0.5689981096408318,28.0,46.29949638185255
2025-03-09,Fear,1422,12,10419697.99,17396.3934682,0.4409282700421941,27.0,12.233750680872012
2025-03-10,Extreme Fear,2911,14,16811790.68,-13498.399741230003,0.39745791824115423,20.0,-4.637031858890417
2025-03-11,Extreme Fear,3286,16,14016952.09,-79321.80927804,0.18746195982958003,24.0,-24.13932114365186
2025-03-12,Fear,3968,13,18618139.15,284447.57064303,0.5645161290322581,34.0,71.68537566608619
2025-03-13,Neutral,962,13,3285591.22,13305.68416583,0.4573804573804574,45.0,13.831272521652807
2025-03-14,Fear,2210,10,8047187.16,67452.67301408,0.8538461538461538,27.0,30.521571499583715
2025-03-15,Neutral,261,8,2355749.54,78120.291684,0.5938697318007663,46.0,299.3114623908046
2025-03-16,Fear,530,8,10187921.51,-10353.426547179999,0.2320754716981132,30.0,-19.53476707015094
2025-03-17,Fear,920,11,3592895.05,25356.16650502,0.4532608695652174,32.0,27.56105054893478
2025-03-18,Fear,834,13,4050655.47,71464.852693,0.22541966426858512,34.0,85.68927181414867
2025-03-19,Fear,1612,12,4598813.57,28590.1922699816,0.4162531017369727,32.0,17.735851284107692
2025-03-20,Neutral,771,13,1652257.93,9917.62399,0.4085603112840467,49.0,12.863325538261998
2025-03-21,Fear,698,9,2543903.39,6317.80969117,0.5,31.0,9.05130328247851
2025-03-22,Fear,535,8,971809.42,12229.70045203,0.4747663551401869,32.0,22.859253181364487
2025-03-23,Fear,447,10,2593519.67,13450.20557097,0.32662192393736017,30.0,30.089945348926175
2025-03-24,Neutral,1027,13,3017587.05,107347.85594963,0.6153846153846154,45.0,104.52566304735151
2025-03-25,Neutral,791,13,5372519.77,30629.55279423,0.3615676359039191,46.0,38.72256990420986
2025-03-26,Neutral,3102,17,7597754.37,14005.36391091,0.27111540941328177,47.0,4.514946457417795
2025-03-27,Fear,785,11,3240279.46,58111.3351017,0.33375796178343947,40.0,74.02717847350318
2025-03-28,Fear,728,11,1483092.61,20947.895939949998,0.3173076923076923,44.0,28.774582335096152
2025-03-29,Fear,1894,10,3668151.83,11259.02841638,0.3558606124604013,26.0,5.944576777391764
2025-03-30,Fear,568,9,2850874.96,15036.04338673,0.16549295774647887,32.0,26.47190737100352
2025-03-31,Fear,495,12,2164772.4699999997,6496.182925889999,0.5232323232323233,34.0,13.123601870484846
2025-04-01,Fear,192,9,704445.1900000001,-2365.5982368200002,0.4583333333333333,34.0,-12.320824150104167
2025-04-02,Fear,1076,11,3867930.6,201031.5179001,0.8949814126394052,44.0,186.83226570641264
2025-04-03,Fear,1748,17,8670233.15,-3703.0801287000004,0.2974828375286041,25.0,-2.1184668928489705
2025-04-04,Fear,1272,14,3835545.73,-26351.742359361,0.38757861635220126,28.0,-20.7167785844033
2025-04-05,Fear,360,10,1267564.22,35625.277366,0.5805555555555556,30.0,98.95910379444445
2025-04-06,Fear,1048,14,3551252.06,46435.0133593665,0.31679389312977096,34.0,44.30821885435735
2025-04-07,Extreme Fear,2814,18,14460253.14,31760.8152035971,0.23916133617626156,23.0,11.286714713431806
2025-04-08,Extreme Fear,943,17,8869391.4,32624.41710694,0.4093319194061506,24.0,34.5964126266596
2025-04-09,Extreme Fear,3967,20,28556806.47,37009.170438806,0.43055205444920597,18.0,9.329258996421983
2025-04-10,Fear,2127,19,28741953.29,151393.265760218,0.5289139633286318,39.0,71.17689974622378
2025-04-11,Fear,1096,16,11319327.07,124232.04000290991,0.3357664233576642,25.0,113.35040146250904
2025-04-12,Fear,2109,20,55914617.49,398902.098158543,0.2721669037458511,43.0,189.1427682117321
2025-04-13,Neutral,1321,17,14171154.79,46127.6853007351,0.3618470855412566,45.0,34.91876252894406
2025-04-14,Fear,890,14,13079972.98,43657.285344432996,0.42247191011235957,31.0,49.053129600486514
2025-04-15,Fear,1131,14,20752168.24,70490.80152261,0.5720601237842617,38.0,62.32608445854111
2025-04-16,Fear,1608,17,36502715.9,52634.11235171,0.3401741293532338,29.0,32.732656935143034
2025-04-17,Fear,1031,12,2604551.51,4908.71114908,0.30358874878758485,30.0,4.761116536450048
2025-04-18,Fear,1894,12,24610650.46,213.07681222999963,0.5126715945089757,33.0,0.11250095682682135
2025-04-19,Fear,2786,15,32706462.71,65469.95116231,0.2921751615218952,32.0,23.499623532774585
2025-04-20,Fear,1982,12,12126094.05,23173.0123278942,0.3985872855701312,37.0,11.69173174969435
2025-04-21,Fear,1718,14,42104054.84,28013.17684312,0.3940628637951106,39.0,16.305690828358557
2025-04-22,Neutral,2998,15,33753625.24,52903.077827,0.2961974649766511,47.0,17.64612335790527
2025-04-23,Greed,6159,19,30682443.79,-426362.30657288,0.324728040266277,72.0,-69.22589812841046
2025-04-24,Greed,2232,15,35088918.64,43337.8956450647,0.4135304659498208,63.0,19.416619912663396
2025-04-25,Greed,1653,16,27749455.78,13919.765951261801,0.38596491228070173,60.0,8.420911041295705
2025-04-26,Greed,1131,12,11948127.77,-6778.06069552,0.1724137931034483,65.0,-5.992980278974359
2025-04-27,Greed,337,9,487537.69,2646.1406953438,0.3560830860534125,61.0,7.852049541079525
2025-04-28,Neutral,1379,8,26124921.49,30899.5623554699,0.4169688179840464,54.0,22.407224333190648
2025-04-29,Greed,2243,7,34089511.66,120600.3181398469,0.43201069995541685,60.0,53.76741780644088
2025-04-30,Greed,1113,8,12693878.85,11053.6134961245,0.26504941599281223,56.0,9.931368819518868
2025-05-01,Neutral,1230,11,10720240.52,51884.2156190342,0.43089430894308944,53.0,42.182289121166015
